nom,cognom_1,cognom_2,correu_electrònic,telèfon,adreça,date
Mercedes,Sears,Gaines,m.sears9833@gmail.com,645146145,497-4955 Sed Ave,1948-08-04 19:17:04
Len,Buck,Mclean,l_buck@gmail.com,644390626,Ap #320-7054 Sem Rd.,2007-03-26 13:26:28
Kane,Schwartz,Pierce,kane_schwartz1357@gmail.com,646999556,Ap #211-5964 Sed Av.,1926-06-30 19:44:06
Dexter,Diaz,Cooke,diaz_dexter@gmail.com,664517801,129-8516 Vestibulum Ave,1966-04-29 02:24:43
Zeus,Burns,Gay,z-burns@gmail.com,687322269,712-3730 Tortor Rd.,1938-06-15 03:15:36
Thane,Rogers,Horton,rogers_thane1734@gmail.com,654464195,"P.O. Box 726, 8422 Hendrerit Avenue",1977-05-27 04:03:59
Serina,Bush,Bright,b.serina5691@gmail.com,665828866,Ap #534-2965 Nam Road,1941-03-17 10:20:18
Brenna,Cabrera,Roberts,cabrera-brenna@gmail.com,652147024,"P.O. Box 318, 9543 Et Ave",1928-01-02 06:43:18
Jarrod,Bailey,Mcknight,bailey-jarrod2084@gmail.com,628081416,"P.O. Box 958, 4762 Sed Rd.",1943-06-28 00:32:39
Ferdinand,Neal,Mcbride,nealferdinand2949@gmail.com,659181420,"Ap #434-6512 Lacus, Avenue",1934-05-11 00:53:35
Martin,Merritt,Stafford,merritt.martin@gmail.com,618635078,383-5855 Proin Ave,1945-02-14 10:43:03
Jaden,Adkins,Gardner,j.adkins8813@gmail.com,664656680,"Ap #459-969 Et, Street",1985-04-01 20:38:16
Jessica,Johnston,Osborne,jjohnston9534@gmail.com,641168858,"P.O. Box 133, 406 Proin Ave",1978-12-10 07:51:01
Whilemina,Pierce,Frazier,wpierce9649@gmail.com,620066226,159-2303 Massa. St.,1950-03-07 14:40:20
Alisa,Sampson,Juarez,a-sampson@gmail.com,671553271,352-6294 A St.,2007-05-10 04:38:29
Leandra,Harvey,Oliver,l.harvey@gmail.com,658714467,Ap #302-415 Arcu. Avenue,2006-04-01 14:50:17
Wanda,Levine,Barton,levine-wanda4979@gmail.com,663578236,Ap #545-1187 Sagittis Avenue,1968-06-28 22:28:12
Jayme,Waters,Daugherty,w_jayme@gmail.com,680241712,144-7687 Sem Ave,1996-08-10 03:44:08
Hedwig,Dejesus,Nunez,dhedwig@gmail.com,666825322,164-8397 Dapibus Rd.,1956-02-08 22:29:37
Carolyn,Neal,Avery,c_neal2451@gmail.com,652643747,3724 Ultricies Rd.,1924-08-29 09:35:55
Shafira,Banks,James,bshafira5961@gmail.com,673867435,394-438 Amet Road,1987-02-16 12:23:41
Maya,Wise,Cardenas,m-wise@gmail.com,615486494,718-7100 Vel St.,1998-09-22 12:51:18
Shelly,Rocha,Tanner,rocha_shelly5110@gmail.com,678505536,"P.O. Box 296, 6446 Scelerisque, St.",1956-02-04 13:47:52
John,Ellison,King,jellison@gmail.com,680155345,422-8145 Sed Rd.,2005-12-25 00:25:08
Octavius,Farrell,Peterson,f_octavius@gmail.com,607713617,Ap #149-3083 Mi. Av.,1957-09-21 21:21:39
Imogene,Pennington,Landry,ipennington@gmail.com,611778008,132-1116 Quis Ave,1949-11-12 20:05:56
Elton,Howell,Allen,h.elton@gmail.com,626313148,480-1271 Luctus Street,1925-06-16 18:50:27
Macey,Waters,Stanton,m_waters7178@gmail.com,635201136,Ap #791-338 Ac Avenue,1993-03-20 13:10:32
Dillon,Mullins,Prince,d-mullins@gmail.com,661745272,Ap #979-2731 Nunc Road,1953-10-17 23:49:40
Brennan,Harvey,Larson,harvey_brennan3561@gmail.com,647514451,141-1268 Cras St.,1939-12-19 11:58:26
Leila,Casey,Willis,leila.casey@gmail.com,633332648,Ap #700-3482 Donec St.,2004-12-23 21:42:35
Orla,Terry,Murray,terryorla2178@gmail.com,655057818,468-2936 Sed Avenue,1927-02-21 17:59:48
Alvin,Stafford,Morales,a_stafford4253@gmail.com,670923381,954 Mollis St.,1977-12-24 14:51:44
Devin,Curry,Richardson,d-curry@gmail.com,601810464,3801 Tortor. Av.,1968-01-27 01:30:19
Katelyn,Lucas,Owen,klucas9939@gmail.com,637998466,Ap #125-7934 Eros Road,1963-10-14 17:06:19
Jenette,Hopkins,Riddle,j.hopkins6067@gmail.com,645756445,586 Cubilia Av.,1977-02-27 13:16:42
Ulric,Lynch,Nieves,u-lynch@gmail.com,688586714,5110 Quisque St.,1952-09-10 21:28:52
Troy,Fuentes,Padilla,fuentes.troy@gmail.com,628142604,253-8770 Integer Rd.,1998-06-23 11:20:51
Alma,Thompson,Jensen,a-thompson@gmail.com,663338282,Ap #288-4868 Nunc Av.,1975-05-26 19:21:44
Fitzgerald,Cooke,Cobb,fcooke@gmail.com,684562264,"P.O. Box 841, 3286 Fusce Ave",1933-11-03 15:31:24
Amity,Mooney,Trevino,a_mooney@gmail.com,648536619,Ap #842-2504 Lacus. Av.,2008-01-20 17:01:09
Gay,Rosales,Potter,g-rosales@gmail.com,643148362,"979-5682 Elit, Ave",2008-10-24 22:42:07
Wyatt,Caldwell,Greene,wyatt_caldwell@gmail.com,615610240,818-118 Fusce Ave,1924-12-16 13:20:49
Candice,Thompson,Woodward,c.thompson@gmail.com,698543543,640-5949 Vel Road,1990-08-17 01:14:50
Stacey,Ware,Avery,s-ware3137@gmail.com,602819480,"P.O. Box 664, 7600 Pede, St.",1957-03-03 15:02:38
Karyn,Foster,Peck,f.karyn@gmail.com,647520297,"P.O. Box 213, 8362 Velit. Av.",1979-09-04 15:55:36
Oleg,Bradford,Mercer,b-oleg6899@gmail.com,686538884,"P.O. Box 527, 5564 Lectus. Rd.",1993-09-16 05:30:49
Jolie,Stafford,Patton,j.stafford@gmail.com,688551683,8045 Fusce Avenue,2000-11-01 18:42:26
Zane,Rhodes,Boone,rhodes-zane@gmail.com,671306165,5048 Ligula St.,1925-04-22 16:44:07
Zia,Buchanan,Boyd,b_zia3189@gmail.com,615222322,Ap #268-3035 Nisl St.,1965-04-22 04:56:07
Yuri,Turner,Arnold,yuriturner7851@gmail.com,677957045,244-2944 Cras Avenue,1963-01-29 11:53:40
Selma,Wiggins,Mathis,wiggins-selma2140@gmail.com,656812881,734-7404 Velit. St.,1949-10-01 05:50:12
Dorian,Fitzgerald,House,fitzgerald_dorian9875@gmail.com,648952768,"Ap #484-7186 Tortor, Ave",1943-07-26 16:33:14
Darius,Henry,Burton,hdarius2718@gmail.com,623897510,"P.O. Box 247, 4303 Ultricies Street",1994-09-18 03:29:35
Rogan,Ballard,Marshall,r.ballard@gmail.com,645217313,Ap #491-3479 Arcu. Rd.,2000-02-12 20:26:01
Blossom,Long,Carter,l_blossom@gmail.com,685266682,451-9711 Gravida Road,1986-11-04 21:30:35
Nomlanga,Hunt,Mathis,hunt.nomlanga1229@gmail.com,606284226,781-5014 Integer Avenue,1957-03-27 15:23:36
Tucker,Chen,King,c.tucker220@gmail.com,608976676,"P.O. Box 946, 4991 Libero Ave",1951-07-14 13:36:12
Wynter,Oliver,Roach,wynter-oliver@gmail.com,626952266,789-9814 Ligula Rd.,1960-01-08 16:38:21
Yardley,English,Ayers,englishyardley1557@gmail.com,676378648,Ap #894-3839 Elit. Road,1960-06-13 15:21:55
Fletcher,Maldonado,Christian,fmaldonado@gmail.com,630313649,Ap #866-1693 Ultrices Rd.,1975-04-05 14:09:27
Brianna,Clayton,Shepard,b_clayton6486@gmail.com,666126411,Ap #578-6195 Sagittis. Ave,1999-02-23 01:41:09
Melodie,Sargent,Hunter,m_sargent3913@gmail.com,669535543,3004 Tellus. Rd.,1947-06-30 18:29:24
Jessamine,Boyer,Norris,jboyer@gmail.com,665749554,Ap #385-9187 Enim St.,1937-07-19 00:33:13
Medge,Vega,Walters,vegamedge5585@gmail.com,692855251,"P.O. Box 190, 9186 Fringilla Street",1993-03-17 05:17:02
Daniel,Downs,Salas,ddowns@gmail.com,646236742,"P.O. Box 313, 6760 Eget St.",1932-01-26 19:24:39
Glenna,Beard,Tate,b-glenna6049@gmail.com,638206864,"P.O. Box 570, 1424 Praesent St.",1931-11-24 20:21:26
Emerson,Finley,Reed,e.finley4652@gmail.com,673723283,"P.O. Box 522, 4457 Metus Road",1964-10-29 09:38:53
Brittany,Moore,Hudson,moore-brittany@gmail.com,691117847,745-2456 Aliquet Rd.,1991-07-07 09:14:28
Honorato,Mckinney,Hughes,mckinney.honorato@gmail.com,644713541,Ap #196-8306 Donec Avenue,1946-10-30 23:27:42
Cassady,Stuart,Grant,s-cassady7777@gmail.com,668428852,312-5221 Suspendisse Road,1934-01-13 15:53:57
Zachery,Haley,Fowler,h_zachery@gmail.com,631718846,8126 Habitant Avenue,1976-03-23 09:55:30
Wyatt,Petty,Fry,w-petty@gmail.com,641675725,Ap #397-5307 Donec Avenue,1947-03-08 15:15:25
Richard,Forbes,Valencia,forbesrichard1472@gmail.com,665972555,Ap #688-8251 Suspendisse Avenue,1956-01-24 01:24:00
Lareina,Le,Morrison,l.le5798@gmail.com,666414279,1162 Ipsum. Rd.,1989-07-27 14:14:01
Caesar,Holman,Ewing,hcaesar6546@gmail.com,644385285,Ap #639-8597 Ut St.,1969-05-07 04:12:13
Faith,Hayden,Hays,haydenfaith3015@gmail.com,621817338,"474-8703 Urna, Rd.",1960-05-02 12:46:38
Duncan,Hester,Dean,hester.duncan@gmail.com,652591792,Ap #561-2824 Sollicitudin Rd.,1943-01-26 17:50:02
Vernon,Green,Kelly,g.vernon3875@gmail.com,634859285,Ap #634-6860 Maecenas St.,1991-11-12 07:42:16
Mikayla,Lewis,Miranda,m.lewis@gmail.com,678937370,Ap #817-7755 Sed Street,1951-04-24 11:07:02
Otto,Wolfe,Foley,ottowolfe5228@gmail.com,670770817,"P.O. Box 617, 5482 Sem, Street",1998-08-10 20:07:37
Orli,Fox,Benjamin,orli-fox9536@gmail.com,668440463,"137-7552 Semper, Av.",1978-02-08 14:13:17
Aline,Pierce,Roach,a.pierce4496@gmail.com,665405867,"842-1114 Lorem, Street",2003-08-21 15:27:51
Kadeem,Reese,Flynn,k-reese7285@gmail.com,631151617,Ap #417-6639 Nunc Rd.,2002-08-09 04:54:58
Lynn,Bruce,Foley,b-lynn279@gmail.com,678288773,609-7905 Diam St.,1997-08-16 19:43:49
Shelly,Terry,Mayo,terry.shelly@gmail.com,632173387,8792 Dui. Av.,1995-11-09 05:17:49
Isabella,Dunn,Griffin,idunn1041@gmail.com,637573845,"5643 Ac, Av.",1976-12-25 20:08:17
Denise,Wagner,Patel,d-wagner8527@gmail.com,630227828,Ap #840-233 Mauris St.,1953-01-07 19:46:48
Irene,Wall,Lloyd,wall.irene@gmail.com,649082169,"P.O. Box 898, 3836 Fringilla. Ave",1999-09-12 21:29:53
Eric,Mendez,Bradley,e-mendez@gmail.com,622145813,Ap #431-8205 Tincidunt St.,1965-06-21 00:36:19
Leilani,Levy,Holt,levy-leilani@gmail.com,634522262,481-2354 Odio. Road,2005-04-30 12:24:53
Reuben,Tate,Maddox,treuben7056@gmail.com,600134712,"P.O. Box 877, 9570 Vestibulum, St.",1927-10-20 20:39:53
Kyra,Huff,Newman,k_huff7864@gmail.com,658434121,"P.O. Box 750, 3405 Eu Avenue",2002-03-07 21:35:33
Derek,Leonard,Potter,leonardderek@gmail.com,661913688,6179 Proin Av.,1978-04-15 12:43:11
Joel,Knight,Randall,knight_joel@gmail.com,688673652,489-8238 Nulla St.,1993-01-05 00:45:11
Jenna,Finley,Farmer,j.finley@gmail.com,654548093,"P.O. Box 541, 5259 Velit. Rd.",1980-03-09 23:20:57
Diana,Manning,Luna,mdiana@gmail.com,652351556,"P.O. Box 580, 5470 Habitant Street",1996-08-28 10:57:49
Kimberly,Francis,Lamb,kimberlyfrancis@gmail.com,611721379,Ap #284-533 Enim Rd.,1995-06-08 01:21:52
Claire,Wheeler,Larson,c-wheeler@gmail.com,667356195,Ap #874-2451 Gravida Rd.,1967-10-10 14:40:25
Porter,Baker,Massey,p.baker4014@gmail.com,664185322,Ap #733-6936 Nulla Ave,1968-05-05 13:29:21
